DATE,CSUSHPISA,Year,Month,Per_Capita_GDP,Interest_Rate,UNRATE,Construction_Price,EmployRate,Labour_stats,FEDFUNDS
1987-01-01,63.965,1987,1,37132.0,5.5,6.6,107.6,70.15294,153840800.0,6.43
1987-02-01,64.425,1987,2,37239.333333333336,5.5,6.6,107.9,70.28275,154054200.0,6.1
1987-03-01,64.735,1987,3,37346.666666666664,5.5,6.6,108.1,70.316,154195800.0,6.13
1987-04-01,65.132,1987,4,37454.0,5.5,6.3,108.3,70.50910999999999,154342900.0,6.37
1987-05-01,65.564,1987,5,37531.0,5.5,6.3,108.3,70.8141,154526200.0,6.85
1987-06-01,66.071,1987,6,37608.0,5.5,6.2,108.6,70.59573,154668500.0,6.73
1987-07-01,66.507,1987,7,37685.0,5.5,6.1,109.2,70.79816,154727000.0,6.58
1987-08-01,66.938,1987,8,37869.333333333336,5.5,6.0,109.7,70.9998,154800700.0,6.73
1987-09-01,67.33,1987,9,38053.666666666664,5.95,5.9,110.5,70.91298,154923100.0,7.22
1987-10-01,67.738,1987,10,38238.0,6.0,6.0,111.5,71.10712,155025900.0,7.29
1987-11-01,68.107,1987,11,38278.333333333336,6.0,5.8,112.2,71.16384000000001,155188500.0,6.69
1987-12-01,68.506,1987,12,38318.666666666664,6.0,5.7,112.6,71.29101,155264000.0,6.77
1988-01-01,68.858,1988,1,38359.0,6.0,5.7,113.9,71.31944,155389400.0,6.83
1988-02-01,69.262,1988,2,38500.0,6.0,5.7,114.0,71.37463000000001,155511900.0,6.58
1988-03-01,69.638,1988,3,38641.0,6.0,5.7,114.2,71.28188,155613500.0,6.58
1988-04-01,69.977,1988,4,38782.0,6.0,5.4,114.9,71.51935999999999,155655500.0,6.87
1988-05-01,70.42699999999999,1988,5,38824.0,6.0,5.6,115.2,71.33422,155821300.0,7.09
1988-06-01,70.889,1988,6,38866.0,6.0,5.4,115.3,71.58801,155988800.0,7.51
1988-07-01,71.354,1988,7,38908.0,6.0,5.4,115.9,71.67727,156057600.0,7.75
1988-08-01,71.8,1988,8,39048.0,6.37,5.6,116.1,71.79445,156124700.0,8.01
1988-09-01,72.241,1988,9,39188.0,6.5,5.4,116.3,71.81451,156294000.0,8.19
1988-10-01,72.63600000000001,1988,10,39328.0,6.5,5.4,117.1,71.94527,156404200.0,8.3
1988-11-01,73.071,1988,11,39434.666666666664,6.5,5.3,117.4,72.04404,156514400.0,8.35
1988-12-01,73.465,1988,12,39541.333333333336,6.5,5.3,117.6,72.12003,156622700.0,8.76
1989-01-01,73.947,1989,1,39648.0,6.5,5.4,118.3,72.28027,156756900.0,9.12
1989-02-01,74.383,1989,2,39719.0,6.59,5.2,118.6,72.29569000000001,156821800.0,9.36
1989-03-01,74.778,1989,3,39790.0,7.0,5.0,118.9,72.41478000000001,156872800.0,9.85
1989-04-01,75.085,1989,4,39861.0,7.0,5.2,119.3,72.34369000000001,156920000.0,9.84
1989-05-01,75.306,1989,5,39922.666666666664,7.0,5.2,119.6,72.39124,156991200.0,9.81
1989-06-01,75.479,1989,6,39984.333333333336,7.0,5.3,119.6,72.57095,157013000.0,9.53
1989-07-01,75.657,1989,7,40046.0,7.0,5.2,119.8,72.59119,157102000.0,9.24
1989-08-01,75.835,1989,8,40035.666666666664,7.0,5.2,119.5,72.70403,157282100.0,8.99
1989-09-01,76.056,1989,9,40025.333333333336,7.0,5.3,119.9,72.49825,157626000.0,9.02
1989-10-01,76.283,1989,10,40015.0,7.0,5.3,120.6,72.58706,157659500.0,8.84
1989-11-01,76.521,1989,11,40130.333333333336,7.0,5.4,120.2,72.74308,157795800.0,8.55
1989-12-01,76.705,1989,12,40245.666666666664,7.0,5.4,119.4,72.58896999999999,157907800.0,8.45
1990-01-01,76.89699999999999,1990,1,40361.0,7.0,5.4,119.1,72.48040999999999,159279200.0,8.23
1990-02-01,77.053,1990,2,40368.0,7.0,5.3,119.0,72.44901,159390800.0,8.24
1990-03-01,77.20100000000001,1990,3,40375.0,7.0,5.2,119.6,72.48399,159465900.0,8.28
1990-04-01,77.278,1990,4,40382.0,7.0,5.4,120.1,72.32555,159562800.0,8.26
1990-05-01,77.297,1990,5,40343.333333333336,7.0,5.4,120.1,72.49494,159618000.0,8.18
1990-06-01,77.259,1990,6,40304.666666666664,7.0,5.2,119.5,72.41783000000001,159721200.0,8.29
1990-07-01,77.139,1990,7,40266.0,7.0,5.5,119.7,72.28251,159809600.0,8.15
1990-08-01,77.009,1990,8,40097.0,7.0,5.7,119.5,72.12161,159984600.0,8.13
1990-09-01,76.85,1990,9,39928.0,7.0,5.9,119.8,71.94703,160224200.0,8.2
1990-10-01,76.699,1990,10,39759.0,7.0,5.9,119.6,71.93303,160262800.0,8.11
1990-11-01,76.37,1990,11,39656.333333333336,7.0,6.2,119.7,71.59189,160497500.0,7.81
1990-12-01,76.185,1990,12,39553.666666666664,6.79,6.3,119.7,71.56573,160680400.0,7.31
1991-01-01,75.916,1991,1,39451.0,6.5,6.4,120.0,71.36281,160534100.0,6.91
1991-02-01,75.734,1991,2,39511.333333333336,6.0,6.6,119.9,71.20143,160712500.0,6.25
1991-03-01,75.569,1991,3,39571.666666666664,6.0,6.8,120.0,71.07015,160887200.0,6.12
1991-04-01,75.566,1991,4,39632.0,5.98,6.7,120.1,71.21989,160953300.0,5.91
1991-05-01,75.765,1991,5,39651.666666666664,5.5,6.9,120.6,70.86783,161109700.0,5.78
1991-06-01,75.992,1991,6,39671.333333333336,5.5,6.9,121.4,71.04198000000001,161172500.0,5.9
1991-07-01,76.082,1991,7,39691.0,5.5,6.8,121.5,70.98611,161188600.0,5.82
1991-08-01,76.109,1991,8,39692.0,5.5,6.9,120.3,70.76395,161387000.0,5.66
1991-09-01,76.193,1991,9,39693.0,5.2,6.9,120.3,70.95319,161531500.0,5.45
1991-10-01,76.075,1991,10,39694.0,5.0,7.0,120.2,70.8287,161639500.0,5.21
1991-11-01,76.014,1991,11,39813.0,4.58,7.0,120.1,70.70510999999999,161833400.0,4.81
1991-12-01,76.056,1991,12,39932.0,4.11,7.3,120.2,70.55946,162020300.0,4.43
1992-01-01,76.087,1992,1,40051.0,3.5,7.3,120.6,70.83586,161786900.0,4.03
1992-02-01,76.156,1992,2,40150.666666666664,3.5,7.4,121.9,70.66775,162010100.0,4.06
1992-03-01,76.277,1992,3,40250.333333333336,3.5,7.4,122.7,70.70174,162185500.0,3.98
1992-04-01,76.346,1992,4,40350.0,3.5,7.4,122.8,70.86639,162303900.0,3.73
1992-05-01,76.399,1992,5,40433.0,3.5,7.6,122.7,70.81245,162458200.0,3.82
1992-06-01,76.332,1992,6,40516.0,3.5,7.8,122.6,70.95419,162372100.0,3.76
1992-07-01,76.264,1992,7,40599.0,3.02,7.7,122.4,71.10919,162425300.0,3.25
1992-08-01,76.23,1992,8,40693.0,3.0,7.6,122.4,70.91855,162794700.0,3.3
1992-09-01,76.23899999999999,1992,9,40787.0,3.0,7.6,123.0,70.76061999999999,163068200.0,3.22
1992-10-01,76.376,1992,10,40881.0,3.0,7.3,122.6,70.6317,163264000.0,3.1
1992-11-01,76.559,1992,11,40863.666666666664,3.0,7.4,122.7,70.66599000000001,163395000.0,3.09
1992-12-01,76.67399999999999,1992,12,40846.333333333336,3.0,7.4,123.7,70.78416,163524300.0,2.92
1993-01-01,76.78399999999999,1993,1,40829.0,3.0,7.3,125.2,70.85103000000001,163355900.0,3.02
1993-02-01,76.837,1993,2,40866.666666666664,3.0,7.1,127.4,70.95681,163533600.0,3.03
1993-03-01,76.867,1993,3,40904.333333333336,3.0,7.0,129.2,71.01007,163679400.0,3.07
1993-04-01,76.936,1993,4,40942.0,3.0,7.1,129.5,70.93478,163889300.0,2.96
1993-05-01,77.038,1993,5,40960.333333333336,3.0,7.1,128.5,71.19615999999999,164007300.0,3.0
1993-06-01,77.243,1993,6,40978.666666666664,3.0,7.0,127.7,71.34239000000001,164004200.0,3.04
1993-07-01,77.429,1993,7,40997.0,3.0,6.9,127.4,71.33969,164135800.0,3.06
1993-08-01,77.613,1993,8,41139.0,3.0,6.8,128.2,71.38101999999999,164354000.0,3.03
1993-09-01,77.795,1993,9,41281.0,3.0,6.7,129.1,71.19997,164592500.0,3.09
1993-10-01,77.941,1993,10,41423.0,3.0,6.8,129.3,71.21941,164787000.0,2.99
1993-11-01,78.149,1993,11,41519.666666666664,3.0,6.6,130.3,71.45024000000001,164824600.0,3.02
1993-12-01,78.32600000000001,1993,12,41616.333333333336,3.0,6.5,131.4,71.59806,164980200.0,2.96
1994-01-01,78.592,1994,1,41713.0,3.0,6.6,132.5,71.55933,165025500.0,3.05
1994-02-01,78.72800000000001,1994,2,41860.0,3.0,6.6,132.4,71.67239000000001,165223500.0,3.25
1994-03-01,78.85600000000001,1994,3,42007.0,3.0,6.5,132.7,71.56922,165408400.0,3.34
1994-04-01,78.988,1994,4,42154.0,3.0,6.4,132.1,71.65165999999999,165593700.0,3.56
1994-05-01,79.222,1994,5,42190.666666666664,3.24,6.1,132.4,71.96696,165679800.0,4.01
1994-06-01,79.423,1994,6,42227.333333333336,3.5,6.1,133.3,71.82497,165816900.0,4.25
1994-07-01,79.595,1994,7,42264.0,3.5,6.1,133.4,71.85639,165973000.0,4.26
1994-08-01,79.782,1994,8,42382.0,3.76,6.0,134.1,72.10694000000001,166007600.0,4.47
1994-09-01,79.919,1994,9,42500.0,4.0,5.9,135.0,72.23763000000001,166131100.0,4.73
1994-10-01,80.066,1994,10,42618.0,4.0,5.8,135.3,72.4297,166232800.0,4.76
1994-11-01,80.15,1994,11,42630.0,4.4,5.6,136.5,72.59338000000001,166244500.0,5.29
1994-12-01,80.297,1994,12,42642.0,4.75,5.5,136.5,72.65655,166413900.0,5.45
1995-01-01,80.42699999999999,1995,1,42654.0,4.75,5.6,137.4,72.56625,166418600.0,5.53
1995-02-01,80.528,1995,2,42656.0,5.25,5.4,138.0,72.71523,166552600.0,5.92
1995-03-01,80.598,1995,3,42658.0,5.25,5.4,138.6,72.67902,166673400.0,5.98
1995-04-01,80.661,1995,4,42660.0,5.25,5.8,139.2,72.60472,166889200.0,6.05
1995-05-01,80.704,1995,5,42735.0,5.25,5.6,139.3,72.41298,166991700.0,6.01
1995-06-01,80.78399999999999,1995,6,42810.0,5.25,5.6,138.9,72.44603000000001,167067800.0,6.0
1995-07-01,80.938,1995,7,42885.0,5.25,5.7,139.6,72.55072,167191700.0,5.85
1995-08-01,81.11,1995,8,42938.0,5.25,5.7,139.8,72.47986999999999,167345800.0,5.74
1995-09-01,81.307,1995,9,42991.0,5.25,5.6,139.7,72.49014,167463700.0,5.8
1995-10-01,81.482,1995,10,43044.0,5.25,5.5,139.1,72.56976,167609200.0,5.76
1995-11-01,81.619,1995,11,43115.666666666664,5.25,5.6,138.4,72.50177,167772100.0,5.8
1995-12-01,81.737,1995,12,43187.333333333336,5.25,5.6,138.1,72.37076,167960300.0,5.6
1996-01-01,81.834,1996,1,43259.0,5.24,5.6,137.7,72.35098,167941800.0,5.56
1996-02-01,81.954,1996,2,43458.0,5.0,5.5,137.7,72.52258,168087300.0,5.22
1996-03-01,82.195,1996,3,43657.0,5.0,5.5,137.8,72.58811999999999,168279700.0,5.31
1996-04-01,82.421,1996,4,43856.0,5.0,5.6,138.2,72.5637,168521900.0,5.22
1996-05-01,82.61,1996,5,43939.0,5.0,5.6,139.6,72.70215999999999,168632000.0,5.24
1996-06-01,82.75200000000001,1996,6,44022.0,5.0,5.3,140.0,72.81981999999999,168761700.0,5.27
1996-07-01,82.928,1996,7,44105.0,5.0,5.5,139.9,72.97932,168836700.0,5.4
1996-08-01,83.086,1996,8,44210.333333333336,5.0,5.1,140.4,73.04305,169018000.0,5.22
1996-09-01,83.256,1996,9,44315.666666666664,5.0,5.2,141.4,73.16701,169232300.0,5.3
1996-10-01,83.37700000000001,1996,10,44421.0,5.0,5.2,140.7,73.29018,169379800.0,5.24
1996-11-01,83.552,1996,11,44477.333333333336,5.0,5.4,141.3,73.17096,169625500.0,5.31
1996-12-01,83.721,1996,12,44533.666666666664,5.0,5.4,140.9,73.1287,169841000.0,5.29
1997-01-01,83.955,1997,1,44590.0,5.0,5.3,141.1,73.0508,170317000.0,5.25
1997-02-01,84.181,1997,2,44794.333333333336,5.0,5.2,141.8,73.0754,170448400.0,5.19
1997-03-01,84.45100000000001,1997,3,44998.666666666664,5.0,5.2,142.1,73.36824,170646200.0,5.39
1997-04-01,84.62299999999999,1997,4,45203.0,5.0,5.1,142.6,73.34245,170754100.0,5.51
1997-05-01,84.86200000000001,1997,5,45340.666666666664,5.0,4.9,142.6,73.48302,170888300.0,5.5
1997-06-01,85.08,1997,6,45478.333333333336,5.0,5.0,142.5,73.45033000000001,171078200.0,5.56
1997-07-01,85.33200000000001,1997,7,45616.0,5.0,4.9,142.8,73.6683,171203000.0,5.52
1997-08-01,85.573,1997,8,45698.0,5.0,4.8,142.6,73.75298000000001,171320700.0,5.54
1997-09-01,85.851,1997,9,45780.0,5.0,4.9,142.1,73.65437,171526500.0,5.54
1997-10-01,86.147,1997,10,45862.0,5.0,4.7,141.5,73.66705,171670100.0,5.5
1997-11-01,86.633,1997,11,45976.0,5.0,4.6,141.8,73.81175,171817100.0,5.52
1997-12-01,87.09299999999999,1997,12,46090.0,5.0,4.7,141.4,73.75459000000001,172014300.0,5.5
1998-01-01,87.615,1998,1,46204.0,5.0,4.6,141.2,73.70699,172114800.0,5.56
1998-02-01,88.00299999999999,1998,2,46304.0,5.0,4.6,141.3,73.77927,172290500.0,5.51
1998-03-01,88.44200000000001,1998,3,46404.0,5.0,4.7,141.4,73.79034,172394000.0,5.49
1998-04-01,88.87899999999999,1998,4,46504.0,5.0,4.3,141.8,73.87029,172510000.0,5.45
1998-05-01,89.36399999999999,1998,5,46650.333333333336,5.0,4.4,141.6,73.8739,172704800.0,5.49
1998-06-01,89.845,1998,6,46796.666666666664,5.0,4.5,141.2,73.80325,172928600.0,5.56
1998-07-01,90.31,1998,7,46943.0,5.0,4.5,141.9,73.73663,173102200.0,5.54
1998-08-01,90.786,1998,8,47147.0,5.0,4.5,142.4,73.8111,173277800.0,5.55
1998-09-01,91.259,1998,9,47351.0,5.0,4.6,142.0,73.93894,173434500.0,5.51
1998-10-01,91.717,1998,10,47555.0,4.86,4.5,140.8,73.86716,173551000.0,5.07
1998-11-01,92.2,1998,11,47663.333333333336,4.63,4.4,140.5,73.91169000000001,173720600.0,4.83
1998-12-01,92.713,1998,12,47771.666666666664,4.5,4.4,140.5,74.04733,173885800.0,4.68
1999-01-01,93.208,1999,1,47880.0,4.5,4.3,140.5,74.07497,174367200.0,4.63
1999-02-01,93.672,1999,2,47969.333333333336,4.5,4.4,141.1,73.93726,174527800.0,4.76
1999-03-01,94.217,1999,3,48058.666666666664,4.5,4.2,141.6,73.9397,174666500.0,4.81
1999-04-01,94.785,1999,4,48148.0,4.5,4.3,141.6,73.81314,174789800.0,4.74
1999-05-01,95.344,1999,5,48309.333333333336,4.5,4.2,142.3,73.9844,175019300.0,4.74
1999-06-01,95.975,1999,6,48470.666666666664,4.5,4.3,143.9,73.90406999999999,175244600.0,4.76
1999-07-01,96.592,1999,7,48632.0,4.5,4.3,145.0,73.88299,175431700.0,4.99
1999-08-01,97.219,1999,8,48848.333333333336,4.56,4.2,144.8,73.91801,175589300.0,5.07
1999-09-01,97.863,1999,9,49064.666666666664,4.75,4.2,143.5,73.8392,175718900.0,5.22
1999-10-01,98.523,1999,10,49281.0,4.75,4.1,142.6,73.94485,175950400.0,5.2
1999-11-01,99.154,1999,11,49299.0,4.86,4.1,142.9,74.03429,176039500.0,5.42
1999-12-01,99.844,1999,12,49317.0,5.0,4.0,143.3,74.10452,176187200.0,5.3
2000-01-01,100.552,2000,1,49335.0,5.0,4.0,144.1,74.25278,178204700.0,5.45
2000-02-01,101.339,2000,2,49593.0,5.24,4.1,144.7,74.27563,178284800.0,5.73
2000-03-01,102.126,2000,3,49851.0,5.34,4.0,145.4,74.22861,178367900.0,5.85
2000-04-01,102.922,2000,4,50109.0,5.5,3.8,145.6,74.51271,178536800.0,6.02
2000-05-01,103.678,2000,5,50080.666666666664,5.71,4.0,144.9,74.08559,178770300.0,6.27
2000-06-01,104.424,2000,6,50052.333333333336,6.0,4.0,145.0,74.21468,179073100.0,6.53
2000-07-01,105.054,2000,7,50024.0,6.0,4.0,144.4,73.83424000000001,179372600.0,6.54
2000-08-01,105.768,2000,8,50079.333333333336,6.0,4.1,143.7,73.88336,179444400.0,6.5
2000-09-01,106.537,2000,9,50134.666666666664,6.0,3.9,143.4,73.87006,179618600.0,6.52
2000-10-01,107.382,2000,10,50190.0,6.0,3.9,143.3,73.89146,179813100.0,6.51
2000-11-01,108.301,2000,11,50097.0,6.0,3.9,142.7,73.9265,179924100.0,6.51
2000-12-01,109.14,2000,12,50004.0,6.0,3.9,142.5,74.10823,180064000.0,6.4
2001-01-01,109.846,2001,1,49911.0,5.52,4.2,142.0,73.96539,180348500.0,5.98
2001-02-01,110.501,2001,2,49975.666666666664,5.0,4.2,142.4,73.87317,180507700.0,5.49
2001-03-01,111.109,2001,3,50040.333333333336,4.81,4.3,142.4,73.90696,180597500.0,5.31
2001-04-01,111.651,2001,4,50105.0,4.28,4.4,142.5,73.55479,180853700.0,4.8
2001-05-01,112.163,2001,5,49994.666666666664,3.73,4.3,144.2,73.3963,181012800.0,4.21
2001-06-01,112.796,2001,6,49884.333333333336,3.47,4.5,144.3,73.14311,181358100.0,3.97
2001-07-01,113.491,2001,7,49774.0,3.25,4.6,143.4,73.12476,181602000.0,3.77
2001-08-01,114.167,2001,8,49777.0,3.16,4.9,143.3,72.57944,181865000.0,3.65
2001-09-01,114.812,2001,9,49780.0,2.77,5.0,143.0,72.78493,181987200.0,3.07
2001-10-01,115.31,2001,10,49783.0,2.02,5.3,142.3,72.46413000000001,182250900.0,2.49
2001-11-01,115.856,2001,11,49885.666666666664,1.58,5.5,142.1,72.31775,182519000.0,2.09
2001-12-01,116.454,2001,12,49988.333333333336,1.33,5.7,141.7,72.23886999999999,182718800.0,1.82
2002-01-01,117.143,2002,1,50091.0,1.25,5.7,142.0,72.03242,182669300.0,1.73
2002-02-01,117.844,2002,2,50156.0,1.25,5.7,142.2,72.33774,182823900.0,1.74
2002-03-01,118.687,2002,3,50221.0,1.25,5.7,143.2,72.15491,183081600.0,1.73
2002-04-01,119.61,2002,4,50286.0,1.25,5.9,143.5,71.90298,183315500.0,1.75
2002-05-01,120.724,2002,5,50311.333333333336,1.25,5.8,143.8,72.01939,183462600.0,1.75
2002-06-01,121.813,2002,6,50336.666666666664,1.25,5.8,144.3,71.84262,183672200.0,1.75
2002-07-01,122.888,2002,7,50362.0,1.25,5.8,144.7,71.74495999999999,183870800.0,1.73
2002-08-01,123.831,2002,8,50342.0,1.25,5.7,145.1,71.88376,184126700.0,1.74
2002-09-01,124.78,2002,9,50322.0,1.25,5.7,145.4,72.0507,184246500.0,1.75
2002-10-01,125.734,2002,10,50302.0,1.25,5.7,145.0,71.87473,184457500.0,1.75
2002-11-01,126.669,2002,11,50355.333333333336,0.83,5.9,144.6,71.54903,184790100.0,1.34
2002-12-01,127.624,2002,12,50408.666666666664,0.75,6.0,144.3,71.57851,184909000.0,1.24
2003-01-01,128.461,2003,1,50462.0,2.25,5.8,144.4,71.59366999999999,185657900.0,1.24
2003-02-01,129.356,2003,2,50573.333333333336,2.25,5.9,145.2,71.51604,185828700.0,1.26
2003-03-01,130.148,2003,3,50684.666666666664,2.25,5.9,145.2,71.39416999999999,186121600.0,1.25
2003-04-01,130.884,2003,4,50796.0,2.25,6.0,145.9,71.38895,186476800.0,1.26
2003-05-01,131.734,2003,5,51034.666666666664,2.25,6.1,145.8,71.22121,186699000.0,1.26
2003-06-01,132.649,2003,6,51273.333333333336,2.0,6.3,146.1,71.22983,186893000.0,1.22
2003-07-01,133.77700000000002,2003,7,51512.0,2.0,6.2,147.0,71.00509,187168900.0,1.01
2003-08-01,134.969,2003,8,51670.0,2.0,6.1,147.2,71.01493,187380300.0,1.03
2003-09-01,136.29399999999998,2003,9,51828.0,2.0,6.1,149.0,70.9225,187558100.0,1.01
2003-10-01,137.532,2003,10,51986.0,2.0,6.0,149.6,71.05285,187716600.0,1.01
2003-11-01,138.79399999999998,2003,11,52050.333333333336,2.0,5.8,150.2,71.12961999999999,187913400.0,1.0
2003-12-01,140.18,2003,12,52114.666666666664,2.0,5.7,149.7,71.10183,188027800.0,0.98
2004-01-01,141.64600000000002,2004,1,52179.0,2.0,5.7,150.0,71.26099,187568500.0,1.0
2004-02-01,143.191,2004,2,52275.666666666664,2.0,5.6,153.4,71.2038,187831800.0,1.01
2004-03-01,145.058,2004,3,52372.333333333336,2.0,5.8,156.5,71.04695,188106500.0,1.0
2004-04-01,146.592,2004,4,52469.0,2.0,5.6,160.1,71.19492,188337000.0,1.0
2004-05-01,148.185,2004,5,52591.0,2.0,5.6,162.7,71.1423,188540100.0,1.0
2004-06-01,149.85,2004,6,52713.0,2.25,5.6,162.0,71.10717,188691100.0,1.03
2004-07-01,151.33700000000002,2004,7,52835.0,2.25,5.5,162.2,71.29605,188782800.0,1.26
2004-08-01,152.63299999999998,2004,8,52970.666666666664,2.5,5.4,165.9,71.25815,189028800.0,1.43
2004-09-01,154.17700000000002,2004,9,53106.333333333336,2.75,5.4,167.2,71.16184,189280700.0,1.61
2004-10-01,155.75,2004,10,53242.0,2.75,5.5,165.9,71.22884,189472000.0,1.76
2004-11-01,157.526,2004,11,53401.0,3.0,5.4,165.5,71.36224,189647000.0,1.93
2004-12-01,159.329,2004,12,53560.0,3.25,5.4,166.3,71.30622,189848300.0,2.16
2005-01-01,161.287,2005,1,53719.0,3.25,5.3,168.6,71.31763000000001,190032200.0,2.28
2005-02-01,163.343,2005,2,53768.666666666664,3.5,5.4,170.4,71.23404000000001,190205800.0,2.5
2005-03-01,165.812,2005,3,53818.333333333336,3.75,5.2,170.0,71.2822,190429000.0,2.63
2005-04-01,167.50099999999998,2005,4,53868.0,3.75,5.2,170.0,71.41933,190492000.0,2.79
2005-05-01,169.35,2005,5,53963.0,4.0,5.1,168.1,71.52475,190682700.0,3.0
2005-06-01,171.19,2005,6,54058.0,4.25,5.0,167.8,71.48516,190898800.0,3.04
2005-07-01,172.859,2005,7,54153.0,4.25,5.0,167.2,71.61997,191054900.0,3.26
2005-08-01,174.44299999999998,2005,8,54207.666666666664,4.5,4.9,165.9,71.81331999999999,191192800.0,3.5
2005-09-01,176.437,2005,9,54262.333333333336,4.75,5.0,168.9,71.69254000000001,191474900.0,3.62
2005-10-01,178.02599999999998,2005,10,54317.0,4.75,5.0,171.6,71.70111999999999,191700900.0,3.78
2005-11-01,179.68,2005,11,54520.333333333336,5.0,5.0,172.7,71.5667,191993300.0,4.0
2005-12-01,180.909,2005,12,54723.666666666664,5.25,4.9,173.5,71.63452,192186100.0,4.16
2006-01-01,182.32,2006,1,54927.0,5.5,4.7,177.2,71.68733,192324600.0,4.29
2006-02-01,183.287,2006,2,54933.0,5.5,4.8,177.7,71.76971999999999,192511200.0,4.49
2006-03-01,184.364,2006,3,54939.0,5.75,4.7,178.3,71.82037,192616400.0,4.59
2006-04-01,184.328,2006,4,54945.0,5.75,4.7,179.0,71.79692,192790800.0,4.79
2006-05-01,184.155,2006,5,54925.333333333336,6.0,4.6,179.9,71.87308,192946500.0,4.94
2006-06-01,183.506,2006,6,54905.666666666664,6.25,4.6,180.7,72.01196,193183900.0,4.99
2006-07-01,183.066,2006,7,54886.0,6.25,4.7,182.3,72.02161,193412500.0,5.24
2006-08-01,182.595,2006,8,54996.0,6.25,4.7,182.6,72.10643,193525200.0,5.25
2006-09-01,182.798,2006,9,55106.0,6.25,4.5,183.3,72.05553,193585700.0,5.25
2006-10-01,183.197,2006,10,55216.0,6.25,4.4,182.3,72.24436999999999,193711000.0,5.25
2006-11-01,183.608,2006,11,55230.666666666664,6.25,4.5,179.8,72.17598000000001,193924100.0,5.25
2006-12-01,184.138,2006,12,55245.333333333336,6.25,4.4,179.8,72.31517,194094700.0,5.24
2007-01-01,184.515,2007,1,55260.0,6.25,4.6,181.1,72.12127,194823000.0,5.25
2007-02-01,184.597,2007,2,55331.333333333336,6.25,4.5,181.5,71.96506,195053600.0,5.26
2007-03-01,184.149,2007,3,55402.666666666664,6.25,4.4,182.5,71.9968,195154300.0,5.26
2007-04-01,183.009,2007,4,55474.0,6.25,4.5,183.7,71.71110999999999,195253300.0,5.25
2007-05-01,181.6,2007,5,55532.333333333336,6.25,4.4,184.0,71.75715,195415500.0,5.25
2007-06-01,180.253,2007,6,55590.666666666664,6.25,4.6,184.0,71.77502,195665200.0,5.25
2007-07-01,179.109,2007,7,55649.0,6.25,4.7,184.2,71.7444,195835800.0,5.26
2007-08-01,178.116,2007,8,55718.333333333336,5.75,4.6,183.9,71.58319,195970200.0,5.02
2007-09-01,177.55599999999998,2007,9,55787.666666666664,5.25,4.7,183.4,71.71118,196066400.0,4.94
2007-10-01,176.623,2007,10,55857.0,5.0,4.7,183.0,71.58436,196111500.0,4.76
2007-11-01,175.146,2007,11,55737.0,5.0,4.7,183.3,71.77049,196172500.0,4.49
2007-12-01,174.34099999999998,2007,12,55617.0,4.75,5.0,183.5,71.54935,196412200.0,4.24
2008-01-01,173.13099999999997,2008,1,55497.0,3.5,5.0,184.3,71.67518000000001,196060500.0,3.94
2008-02-01,171.53900000000002,2008,2,55566.333333333336,3.5,4.9,185.7,71.43571,196236900.0,2.98
2008-03-01,170.051,2008,3,55635.666666666664,2.5,5.1,187.8,71.42354,196376300.0,2.61
2008-04-01,168.33599999999998,2008,4,55705.0,2.25,5.0,190.9,71.41115,196223300.0,2.28
2008-05-01,166.657,2008,5,55562.666666666664,2.25,5.4,195.8,71.2011,196451400.0,1.98
2008-06-01,165.016,2008,6,55420.333333333336,2.25,5.6,200.4,71.1191,196516300.0,2.0
2008-07-01,163.564,2008,7,55278.0,2.25,5.8,203.4,70.92175999999999,196571900.0,2.01
2008-08-01,161.987,2008,8,54832.333333333336,2.25,6.1,206.5,70.70170999999999,196691100.0,2.0
2008-09-01,160.306,2008,9,54386.666666666664,2.25,6.1,206.3,70.51942,196839800.0,1.81
2008-10-01,158.326,2008,10,53941.0,1.25,6.5,201.8,70.36805,196974900.0,0.97
2008-11-01,156.141,2008,11,53701.0,1.25,6.8,199.6,69.92603000000001,197132700.0,0.39
2008-12-01,153.618,2008,12,53461.0,0.5,7.3,194.8,69.55543,197420200.0,0.16
2009-01-01,151.507,2009,1,53221.0,0.5,7.8,193.3,69.04106,197060700.0,0.15
2009-02-01,150.015,2009,2,53153.0,0.5,8.3,191.2,68.74854,197286900.0,0.22
2009-03-01,148.66,2009,3,53085.0,0.5,8.7,190.2,68.23824,197529900.0,0.18
2009-04-01,147.947,2009,4,53017.0,0.5,9.0,188.1,68.14273,197854900.0,0.15
2009-05-01,147.692,2009,5,53038.333333333336,0.5,9.4,186.9,67.7751,197951800.0,0.18
2009-06-01,148.088,2009,6,53059.666666666664,0.5,9.5,187.1,67.81062,197608700.0,0.21
2009-07-01,148.407,2009,7,53081.0,0.5,9.5,187.6,67.68935,197705800.0,0.16
2009-08-01,148.27700000000002,2009,8,53231.0,0.5,9.6,188.1,67.31915,198050300.0,0.16
2009-09-01,148.024,2009,9,53381.0,0.5,9.8,189.3,66.88405999999999,198372700.0,0.15
2009-10-01,147.85,2009,10,53531.0,0.5,10.0,189.7,66.61478000000001,198663200.0,0.12
2009-11-01,148.135,2009,11,53581.666666666664,0.5,9.9,189.2,66.69274,198711500.0,0.12
2009-12-01,147.928,2009,12,53632.333333333336,0.5,9.9,189.4,66.43769,198768600.0,0.12
2010-01-01,147.39600000000002,2010,1,53683.0,0.5,9.8,190.3,66.7811,198247600.0,0.11
2010-02-01,145.631,2010,2,53822.0,0.75,9.8,192.2,66.72559,198432500.0,0.13
2010-03-01,145.858,2010,3,53961.0,0.75,9.9,193.7,66.73592,198653600.0,0.16
2010-04-01,146.403,2010,4,54100.0,0.75,9.9,196.5,66.84048,198995600.0,0.2
2010-05-01,146.394,2010,5,54200.333333333336,0.75,9.6,198.9,66.73340999999999,199087000.0,0.2
2010-06-01,145.72,2010,6,54300.666666666664,0.75,9.4,197.2,66.73962,198935200.0,0.18
2010-07-01,144.989,2010,7,54401.0,0.75,9.4,195.6,66.71658000000001,199015000.0,0.18
2010-08-01,143.914,2010,8,54457.0,0.75,9.5,194.1,66.75956,199221100.0,0.19
2010-09-01,143.017,2010,9,54513.0,0.75,9.5,193.9,66.64981,199525500.0,0.19
2010-10-01,142.528,2010,10,54569.0,0.75,9.4,193.8,66.4639,199859900.0,0.19
2010-11-01,142.16899999999998,2010,11,54493.0,0.75,9.8,193.6,66.38138000000001,199983700.0,0.19
2010-12-01,142.056,2010,12,54417.0,0.75,9.3,194.2,66.50759000000001,200022800.0,0.18
2011-01-01,141.518,2011,1,54341.0,0.75,9.1,195.9,66.6921,199137100.0,0.17
2011-02-01,140.345,2011,2,54430.666666666664,0.75,9.0,198.1,66.60165,199346000.0,0.16
2011-03-01,139.977,2011,3,54520.333333333336,0.75,9.0,199.7,66.6786,199551500.0,0.14
2011-04-01,140.00799999999998,2011,4,54610.0,0.75,9.1,201.1,66.54593,199937200.0,0.1
2011-05-01,139.904,2011,5,54567.333333333336,0.75,9.0,201.6,66.53560999999999,200041600.0,0.09
2011-06-01,139.861,2011,6,54524.666666666664,0.75,9.1,201.9,66.42442,199992600.0,0.09
2011-07-01,139.73,2011,7,54482.0,0.75,9.0,202.6,66.41541,200109400.0,0.07
2011-08-01,139.308,2011,8,54647.666666666664,0.75,9.0,202.8,66.66603,200136500.0,0.1
2011-09-01,138.667,2011,9,54813.333333333336,0.75,9.0,202.7,66.68692,200256000.0,0.08
2011-10-01,137.951,2011,10,54979.0,0.75,8.8,202.7,66.66574,200422000.0,0.07
2011-11-01,137.15,2011,11,55100.0,0.75,8.6,202.2,66.80666,200325600.0,0.08
2011-12-01,136.673,2011,12,55221.0,0.75,8.5,202.2,66.84261,200311100.0,0.07
2012-01-01,136.606,2012,1,55342.0,0.75,8.3,203.9,66.92241999999999,200970700.0,0.08
2012-02-01,136.531,2012,2,55391.333333333336,0.75,8.3,205.1,66.96548,201100100.0,0.1
2012-03-01,137.90200000000002,2012,3,55440.666666666664,0.75,8.2,205.7,66.98489000000001,201252700.0,0.13
2012-04-01,139.15200000000002,2012,4,55490.0,0.75,8.2,206.3,66.93552,201499400.0,0.14
2012-05-01,140.154,2012,5,55478.0,0.75,8.2,206.5,67.06298000000001,201524900.0,0.16
2012-06-01,141.03,2012,6,55466.0,0.75,8.2,206.6,67.1302,201458900.0,0.16
2012-07-01,141.67,2012,7,55454.0,0.75,8.2,206.2,67.05521,201491500.0,0.16
2012-08-01,142.28,2012,8,55437.0,0.75,8.1,205.5,67.01305,201587800.0,0.13
2012-09-01,142.907,2012,9,55420.0,0.75,7.8,206.6,67.31175999999999,201605400.0,0.14
2012-10-01,143.59799999999998,2012,10,55403.0,0.75,7.8,205.5,67.49049000000001,201662300.0,0.16
2012-11-01,144.582,2012,11,55555.0,0.75,7.7,205.6,67.2734,201708600.0,0.16
2012-12-01,145.499,2012,12,55707.0,0.75,7.9,206.4,67.29635,201843200.0,0.16
2013-01-01,146.82399999999998,2013,1,55859.0,0.75,8.0,208.4,67.25681999999999,201721300.0,0.14
2013-02-01,147.781,2013,2,55877.333333333336,0.75,7.7,209.1,67.24571,201883900.0,0.15
2013-03-01,149.961,2013,3,55895.666666666664,0.75,7.5,209.8,67.18983,202024100.0,0.14
2013-04-01,151.518,2013,4,55914.0,0.75,7.6,210.7,67.25466999999999,202167700.0,0.15
2013-05-01,152.85,2013,5,56033.333333333336,0.75,7.5,209.5,67.33855,202291000.0,0.11
2013-06-01,154.202,2013,6,56152.666666666664,0.75,7.5,208.8,67.35748000000001,202288100.0,0.09
2013-07-01,155.607,2013,7,56272.0,0.75,7.3,208.3,67.48314,202321200.0,0.09
2013-08-01,156.963,2013,8,56395.333333333336,0.75,7.2,208.9,67.42155,202486100.0,0.08
2013-09-01,158.225,2013,9,56518.666666666664,0.75,7.2,208.9,67.47369,202630100.0,0.08
2013-10-01,159.24,2013,10,56642.0,0.75,7.2,209.3,67.145,202702100.0,0.09
2013-11-01,160.07299999999998,2013,11,56543.0,0.75,6.9,209.8,67.45268,202720100.0,0.08
2013-12-01,160.993,2013,12,56444.0,0.75,6.7,209.8,67.54767,202732300.0,0.09
2014-01-01,161.924,2014,1,56345.0,0.75,6.6,211.7,67.72227,202550700.0,0.07
2014-02-01,162.523,2014,2,56552.666666666664,0.75,6.7,212.7,67.70628,202677800.0,0.07
2014-03-01,163.084,2014,3,56760.333333333336,0.75,6.7,213.4,67.90929,202701500.0,0.08
2014-04-01,163.39,2014,4,56968.0,0.75,6.2,213.6,67.94815,202797800.0,0.09
2014-05-01,163.656,2014,5,57157.333333333336,0.75,6.3,214.3,68.02920999999999,202936300.0,0.09
2014-06-01,164.067,2014,6,57346.666666666664,0.75,6.1,214.5,68.14761,203051400.0,0.1
2014-07-01,164.58700000000002,2014,7,57536.0,0.75,6.2,214.8,68.158,203042900.0,0.09
2014-08-01,165.21200000000002,2014,8,57591.333333333336,0.75,6.1,215.5,68.21761,203164300.0,0.09
2014-09-01,165.903,2014,9,57646.666666666664,0.75,5.9,215.7,68.27456,203211900.0,0.09
2014-10-01,166.639,2014,10,57702.0,0.75,5.7,215.9,68.57545,203259900.0,0.09
2014-11-01,167.332,2014,11,57841.666666666664,0.75,5.8,215.8,68.52069,203378000.0,0.09
2014-12-01,168.047,2014,12,57981.333333333336,0.75,5.6,215.5,68.48933000000001,203419500.0,0.12
2015-01-01,168.627,2015,1,58121.0,0.75,5.7,215.8,68.54301,203859000.0,0.11
2015-02-01,169.12400000000002,2015,2,58206.0,0.75,5.5,215.3,68.53997,203941000.0,0.11
2015-03-01,169.795,2015,3,58291.0,0.75,5.4,215.0,68.42395,203969900.0,0.11
2015-04-01,170.293,2015,4,58376.0,0.75,5.4,214.5,68.67985999999999,203983300.0,0.12
2015-05-01,170.87599999999998,2015,5,58412.666666666664,0.75,5.6,213.7,68.79395,204205800.0,0.12
2015-06-01,171.477,2015,6,58449.333333333336,0.75,5.3,213.7,68.68581,204424200.0,0.13
2015-07-01,172.148,2015,7,58486.0,0.75,5.2,213.7,68.63598,204519300.0,0.13
2015-08-01,172.93099999999998,2015,8,58480.666666666664,0.75,5.1,213.3,68.75591,204559900.0,0.14
2015-09-01,173.824,2015,9,58475.333333333336,0.75,5.0,212.5,68.66338,204605300.0,0.14
2015-10-01,174.78900000000002,2015,10,58470.0,0.75,5.0,212.4,68.7412,204681400.0,0.12
2015-11-01,175.735,2015,11,58548.0,0.75,5.1,211.7,68.89587,204728700.0,0.12
2015-12-01,176.537,2015,12,58626.0,1.0,5.0,210.9,69.09503000000001,204755400.0,0.24
2016-01-01,177.262,2016,1,58704.0,1.0,4.8,211.4,69.18484000000001,205071200.0,0.34
2016-02-01,177.641,2016,2,58731.666666666664,1.0,4.9,211.3,69.25716,205098500.0,0.38
2016-03-01,178.15599999999998,2016,3,58759.333333333336,1.0,5.0,211.6,69.29008,205198100.0,0.36
2016-04-01,178.759,2016,4,58787.0,1.0,5.1,212.7,69.15356,205245900.0,0.37
2016-05-01,179.42,2016,5,58886.0,1.0,4.8,213.7,69.28389,205412400.0,0.37
2016-06-01,180.09,2016,6,58985.0,1.0,4.9,214.6,69.18991,205562900.0,0.38
2016-07-01,180.85,2016,7,59084.0,1.0,4.8,215.3,69.28114000000001,205702700.0,0.39
2016-08-01,181.84,2016,8,59154.666666666664,1.0,4.9,216.0,69.3738,205680800.0,0.4
2016-09-01,182.813,2016,9,59225.333333333336,1.0,5.0,215.3,69.42484,205736900.0,0.4
2016-10-01,183.743,2016,10,59296.0,1.0,4.9,214.8,69.43066,205848400.0,0.4
2016-11-01,184.753,2016,11,59362.0,1.0,4.7,214.5,69.55505,205828700.0,0.41
2016-12-01,185.716,2016,12,59428.0,1.25,4.7,215.5,69.57409,205936600.0,0.54
2017-01-01,186.796,2017,1,59494.0,1.25,4.7,217.3,69.65279,205378300.0,0.65
2017-02-01,187.314,2017,2,59574.666666666664,1.25,4.6,218.8,69.73241999999999,205421300.0,0.66
2017-03-01,187.991,2017,3,59655.333333333336,1.5,4.4,219.7,70.00641,205317300.0,0.79
2017-04-01,188.721,2017,4,59736.0,1.5,4.4,221.0,70.0938,205349800.0,0.9
2017-05-01,189.61,2017,5,59857.0,1.5,4.4,221.7,70.00275,205468500.0,0.91
2017-06-01,190.519,2017,6,59978.0,1.75,4.3,221.9,70.09076999999999,205654400.0,1.04
2017-07-01,191.465,2017,7,60099.0,1.75,4.3,221.9,70.1771,205756700.0,1.15
2017-08-01,192.649,2017,8,60290.666666666664,1.75,4.4,222.4,70.14981999999999,205750300.0,1.16
2017-09-01,193.745,2017,9,60482.333333333336,1.75,4.3,223.1,70.47437,205685800.0,1.15
2017-10-01,194.792,2017,10,60674.0,1.75,4.2,223.9,70.26858,205730800.0,1.15
2017-11-01,195.945,2017,11,60813.666666666664,1.75,4.2,223.9,70.31042,205752300.0,1.16
2017-12-01,197.164,2017,12,60953.333333333336,2.0,4.1,224.1,70.30341,205856300.0,1.3
2018-01-01,198.301,2018,1,61093.0,2.0,4.0,225.8,70.32311999999999,206363400.0,1.41
2018-02-01,199.228,2018,2,61174.0,2.0,4.1,228.7,70.60374,206271700.0,1.42
2018-03-01,199.967,2018,3,61255.0,2.25,4.0,231.3,70.55485999999999,206223100.0,1.51
2018-04-01,200.662,2018,4,61336.0,2.25,4.0,232.4,70.54178,206220000.0,1.69
2018-05-01,201.427,2018,5,61431.333333333336,2.25,3.8,236.8,70.71713000000001,206414600.0,1.7
2018-06-01,202.241,2018,6,61526.666666666664,2.5,4.0,239.2,70.68557,206592300.0,1.82
2018-07-01,202.912,2018,7,61622.0,2.5,3.8,239.6,70.86216999999999,206643400.0,1.91
2018-08-01,203.661,2018,8,61621.0,2.5,3.8,239.4,70.57075999999999,206721600.0,1.91
2018-09-01,204.322,2018,9,61620.0,2.75,3.7,240.0,70.7691,206674900.0,1.95
2018-10-01,205.08900000000003,2018,10,61619.0,2.75,3.8,238.7,70.93083,206650800.0,2.19
2018-11-01,205.661,2018,11,61709.0,2.75,3.8,238.8,70.98534000000001,206612000.0,2.2
2018-12-01,206.148,2018,12,61799.0,3.0,3.9,238.3,71.01472,206774200.0,2.27
2019-01-01,206.539,2019,1,61889.0,3.0,4.0,238.5,71.03362,206324000.0,2.4
2019-02-01,206.864,2019,2,62036.333333333336,3.0,3.8,238.1,71.07248,206303400.0,2.4
2019-03-01,207.086,2019,3,62183.666666666664,3.0,3.8,238.1,71.06339,206117300.0,2.41
2019-04-01,207.537,2019,4,62331.0,3.0,3.7,237.2,71.14662,206174400.0,2.42
2019-05-01,208.151,2019,5,62535.666666666664,3.0,3.6,237.3,71.14447,206464300.0,2.39
2019-06-01,208.643,2019,6,62740.333333333336,3.0,3.6,236.3,71.23801999999999,206542600.0,2.38
2019-07-01,209.249,2019,7,62945.0,3.0,3.7,235.6,71.26041,206385900.0,2.4
2019-08-01,210.029,2019,8,63049.0,2.75,3.6,234.4,71.41162,206392800.0,2.13
2019-09-01,210.85,2019,9,63153.0,2.5,3.5,234.4,71.71297,206311600.0,2.04
2019-10-01,211.751,2019,10,63257.0,2.25,3.6,233.8,71.71259,206191800.0,1.83
2019-11-01,212.788,2019,11,62949.0,2.25,3.6,232.8,71.6875,206205100.0,1.55
2019-12-01,213.944,2019,12,62641.0,2.25,3.6,232.2,71.7002,206266700.0,1.55
2020-01-01,215.029,2020,1,62333.0,2.25,3.6,233.4,71.76878,205741800.0,1.55
2020-02-01,215.893,2020,2,60683.0,2.25,3.5,234.6,71.80731999999999,205642700.0,1.58
2020-03-01,216.455,2020,3,59033.0,0.25,4.4,236.3,70.51974,205285700.0,0.65
2020-04-01,216.856,2020,4,57383.0,0.25,14.8,234.3,60.19421,206838200.0,0.05
2020-05-01,216.999,2020,5,58856.333333333336,0.25,13.2,233.3,62.24576,206841900.0,0.05
2020-06-01,217.57,2020,6,60329.666666666664,0.25,11.0,234.8,64.77303,205576600.0,0.08
2020-07-01,219.28,2020,7,61803.0,0.25,10.2,237.0,65.3708,205379800.0,0.09
2020-08-01,222.265,2020,8,62005.666666666664,0.25,8.4,240.9,66.84134,205709700.0,0.1
2020-09-01,225.742,2020,9,62208.333333333336,0.25,7.8,246.9,66.91838,206097500.0,0.09
2020-10-01,229.685,2020,10,62411.0,0.25,6.8,246.4,67.89453,205980900.0,0.09
2020-11-01,233.248,2020,11,62682.0,0.25,6.7,244.3,67.80804,206188200.0,0.09
2020-12-01,236.555,2020,12,62953.0,0.25,6.7,248.0,67.95622,206149400.0,0.09
2021-01-01,239.68,2021,1,63224.0,0.25,6.4,256.4,68.20279000000001,205142000.0,0.09
2021-02-01,242.419,2021,2,63533.666666666664,0.25,6.2,264.6,68.47043000000001,205139500.0,0.08
2021-03-01,245.545,2021,3,63843.333333333336,0.25,6.1,276.7,68.59721,205101500.0,0.07
2021-04-01,249.123,2021,4,64153.0,0.25,6.1,291.8,68.66589,205468000.0,0.07
2021-05-01,253.413,2021,5,64305.666666666664,0.25,5.8,305.9,68.97403,205665700.0,0.06
2021-06-01,258.23,2021,6,64458.333333333336,0.25,5.9,315.7,69.09635,205415500.0,0.08
2021-07-01,262.603,2021,7,64611.0,0.25,5.4,313.542,69.66294,205317400.0,0.1
2021-08-01,266.593,2021,8,64956.666666666664,0.25,5.1,313.083,69.66363,205311600.0,0.09
